,year,month,view_type,count,timestamp,is_pagecount
0,2007,12,pagecount_all_views,2998331524.0,2007-12-01,True
1,2008,01,pagecount_all_views,4930902570.0,2008-01-01,True
2,2008,02,pagecount_all_views,4818393763.0,2008-02-01,True
3,2008,03,pagecount_all_views,4955405809.0,2008-03-01,True
4,2008,04,pagecount_all_views,5159162183.0,2008-04-01,True
5,2008,05,pagecount_all_views,5584691092.0,2008-05-01,True
6,2008,06,pagecount_all_views,5712104279.0,2008-06-01,True
7,2008,07,pagecount_all_views,5306302874.0,2008-07-01,True
8,2008,08,pagecount_all_views,5140155519.0,2008-08-01,True
9,2008,09,pagecount_all_views,5479533823.0,2008-09-01,True
10,2008,10,pagecount_all_views,5679440782.0,2008-10-01,True
11,2008,11,pagecount_all_views,5415832071.0,2008-11-01,True
12,2008,12,pagecount_all_views,5211708451.0,2008-12-01,True
13,2009,01,pagecount_all_views,5802681551.0,2009-01-01,True
14,2009,02,pagecount_all_views,5547320860.0,2009-02-01,True
15,2009,03,pagecount_all_views,6295159057.0,2009-03-01,True
16,2009,04,pagecount_all_views,5988817321.0,2009-04-01,True
17,2009,05,pagecount_all_views,6267516733.0,2009-05-01,True
18,2009,06,pagecount_all_views,5818924182.0,2009-06-01,True
19,2009,07,pagecount_all_views,5801646978.0,2009-07-01,True
20,2009,08,pagecount_all_views,5790850384.0,2009-08-01,True
21,2009,09,pagecount_all_views,4057515768.0,2009-09-01,True
22,2009,10,pagecount_all_views,6016107147.0,2009-10-01,True
23,2009,11,pagecount_all_views,5768486910.0,2009-11-01,True
24,2009,12,pagecount_all_views,5426505977.0,2009-12-01,True
25,2010,01,pagecount_all_views,5703465285.0,2010-01-01,True
26,2010,02,pagecount_all_views,5762451418.0,2010-02-01,True
27,2010,03,pagecount_all_views,6661347946.0,2010-03-01,True
28,2010,04,pagecount_all_views,6618552152.0,2010-04-01,True
29,2010,05,pagecount_all_views,6410578775.0,2010-05-01,True
30,2010,06,pagecount_all_views,4898035014.0,2010-06-01,True
31,2010,07,pagecount_all_views,5296177638.0,2010-07-01,True
32,2010,08,pagecount_all_views,7381346660.0,2010-08-01,True
33,2010,09,pagecount_all_views,7546488744.0,2010-09-01,True
34,2010,10,pagecount_all_views,10172844562.0,2010-10-01,True
35,2010,11,pagecount_all_views,6948678354.0,2010-11-01,True
36,2010,12,pagecount_all_views,7001952100.0,2010-12-01,True
37,2011,01,pagecount_all_views,7568511227.0,2011-01-01,True
38,2011,02,pagecount_all_views,6906248849.0,2011-02-01,True
39,2011,03,pagecount_all_views,7326545928.0,2011-03-01,True
40,2011,04,pagecount_all_views,6835492088.0,2011-04-01,True
41,2011,05,pagecount_all_views,7009799378.0,2011-05-01,True
42,2011,06,pagecount_all_views,6536675534.0,2011-06-01,True
43,2011,07,pagecount_all_views,6571730164.0,2011-07-01,True
44,2011,08,pagecount_all_views,6514500361.0,2011-08-01,True
45,2011,09,pagecount_all_views,5837738935.0,2011-09-01,True
46,2011,10,pagecount_all_views,6974424665.0,2011-10-01,True
47,2011,11,pagecount_all_views,7507641641.0,2011-11-01,True
48,2011,12,pagecount_all_views,6396357939.0,2011-12-01,True
49,2012,01,pagecount_all_views,7808477339.0,2012-01-01,True
50,2012,02,pagecount_all_views,7530127141.0,2012-02-01,True
51,2012,03,pagecount_all_views,7358543625.0,2012-03-01,True
52,2012,04,pagecount_all_views,7220029422.0,2012-04-01,True
53,2012,05,pagecount_all_views,7784479302.0,2012-05-01,True
54,2012,06,pagecount_all_views,7524265988.0,2012-06-01,True
55,2012,07,pagecount_all_views,7819376527.0,2012-07-01,True
56,2012,08,pagecount_all_views,7885641059.0,2012-08-01,True
57,2012,09,pagecount_all_views,7913689733.0,2012-09-01,True
58,2012,10,pagecount_all_views,8379960050.0,2012-10-01,True
59,2012,11,pagecount_all_views,8219987195.0,2012-11-01,True
60,2012,12,pagecount_all_views,8033826900.0,2012-12-01,True
61,2013,01,pagecount_all_views,9126210673.0,2013-01-01,True
62,2013,02,pagecount_all_views,8100597857.0,2013-02-01,True
63,2013,03,pagecount_all_views,8701419671.0,2013-03-01,True
64,2013,04,pagecount_all_views,8049296729.0,2013-04-01,True
65,2013,05,pagecount_all_views,8089099883.0,2013-05-01,True
66,2013,06,pagecount_all_views,7759959725.0,2013-06-01,True
67,2013,07,pagecount_all_views,8237301982.0,2013-07-01,True
68,2013,08,pagecount_all_views,9306122925.0,2013-08-01,True
69,2013,09,pagecount_all_views,9985326806.0,2013-09-01,True
70,2013,10,pagecount_all_views,10775158269.0,2013-10-01,True
71,2013,11,pagecount_all_views,10414877805.0,2013-11-01,True
72,2013,12,pagecount_all_views,7102459747.0,2013-12-01,True
73,2014,01,pagecount_all_views,7026531269.0,2014-01-01,True
74,2014,02,pagecount_all_views,6718243109.0,2014-02-01,True
75,2014,03,pagecount_all_views,7464128273.0,2014-03-01,True
76,2014,04,pagecount_all_views,7216245221.0,2014-04-01,True
77,2014,05,pagecount_all_views,7543277646.0,2014-05-01,True
78,2014,06,pagecount_all_views,6577352648.0,2014-06-01,True
79,2014,07,pagecount_all_views,6761059566.0,2014-07-01,True
80,2014,08,pagecount_all_views,6687313714.0,2014-08-01,True
81,2014,09,pagecount_all_views,7564600999.0,2014-09-01,True
82,2014,10,pagecount_all_views,9669079813.0,2014-10-01,True
83,2014,11,pagecount_all_views,9181027274.0,2014-11-01,True
84,2014,12,pagecount_all_views,9109282269.0,2014-12-01,True
85,2015,01,pagecount_all_views,9589069146.0,2015-01-01,True
86,2015,02,pagecount_all_views,8694244918.0,2015-02-01,True
87,2015,03,pagecount_all_views,9677435301.0,2015-03-01,True
88,2015,04,pagecount_all_views,9421035574.0,2015-04-01,True
89,2015,05,pagecount_all_views,9657871297.0,2015-05-01,True
90,2015,06,pagecount_all_views,8203576103.0,2015-06-01,True
91,2015,07,pagecount_all_views,8483698717.0,2015-07-01,True
92,2015,08,pagecount_all_views,8304022031.0,2015-08-01,True
93,2015,09,pagecount_all_views,8582061182.0,2015-09-01,True
94,2015,10,pagecount_all_views,8781786976.0,2015-10-01,True
95,2015,11,pagecount_all_views,8515190628.0,2015-11-01,True
96,2015,12,pagecount_all_views,8651858036.0,2015-12-01,True
97,2016,01,pagecount_all_views,9309261244.0,2016-01-01,True
98,2016,02,pagecount_all_views,8680940753.0,2016-02-01,True
99,2016,03,pagecount_all_views,8827529692.0,2016-03-01,True
100,2016,04,pagecount_all_views,8873620523.0,2016-04-01,True
101,2016,05,pagecount_all_views,8748968139.0,2016-05-01,True
102,2016,06,pagecount_all_views,8347710510.0,2016-06-01,True
103,2016,07,pagecount_all_views,8864627560.0,2016-07-01,True
104,2016,08,pagecount_all_views,,2016-08-01,True
105,2016,09,pagecount_all_views,,2016-09-01,True
106,2016,10,pagecount_all_views,,2016-10-01,True
107,2016,11,pagecount_all_views,,2016-11-01,True
108,2016,12,pagecount_all_views,,2016-12-01,True
109,2017,01,pagecount_all_views,,2017-01-01,True
110,2017,02,pagecount_all_views,,2017-02-01,True
111,2017,03,pagecount_all_views,,2017-03-01,True
112,2017,04,pagecount_all_views,,2017-04-01,True
113,2017,05,pagecount_all_views,,2017-05-01,True
114,2017,06,pagecount_all_views,,2017-06-01,True
115,2017,07,pagecount_all_views,,2017-07-01,True
116,2017,08,pagecount_all_views,,2017-08-01,True
117,2017,09,pagecount_all_views,,2017-09-01,True
118,2017,10,pagecount_all_views,,2017-10-01,True
119,2017,11,pagecount_all_views,,2017-11-01,True
120,2017,12,pagecount_all_views,,2017-12-01,True
121,2018,01,pagecount_all_views,,2018-01-01,True
122,2018,02,pagecount_all_views,,2018-02-01,True
123,2018,03,pagecount_all_views,,2018-03-01,True
124,2018,04,pagecount_all_views,,2018-04-01,True
125,2018,05,pagecount_all_views,,2018-05-01,True
126,2018,06,pagecount_all_views,,2018-06-01,True
127,2018,07,pagecount_all_views,,2018-07-01,True
128,2018,08,pagecount_all_views,,2018-08-01,True
129,2018,09,pagecount_all_views,,2018-09-01,True
130,2018,10,pagecount_all_views,,2018-10-01,True
131,2018,11,pagecount_all_views,,2018-11-01,True
132,2018,12,pagecount_all_views,,2018-12-01,True
133,2019,01,pagecount_all_views,,2019-01-01,True
134,2019,02,pagecount_all_views,,2019-02-01,True
135,2019,03,pagecount_all_views,,2019-03-01,True
136,2019,04,pagecount_all_views,,2019-04-01,True
137,2019,05,pagecount_all_views,,2019-05-01,True
138,2019,06,pagecount_all_views,,2019-06-01,True
139,2019,07,pagecount_all_views,,2019-07-01,True
140,2019,08,pagecount_all_views,,2019-08-01,True
141,2019,09,pagecount_all_views,,2019-09-01,True
142,2019,10,pagecount_all_views,,2019-10-01,True
143,2019,11,pagecount_all_views,,2019-11-01,True
144,2019,12,pagecount_all_views,,2019-12-01,True
145,2020,01,pagecount_all_views,,2020-01-01,True
146,2020,02,pagecount_all_views,,2020-02-01,True
147,2020,03,pagecount_all_views,,2020-03-01,True
148,2020,04,pagecount_all_views,,2020-04-01,True
149,2020,05,pagecount_all_views,,2020-05-01,True
150,2020,06,pagecount_all_views,,2020-06-01,True
151,2020,07,pagecount_all_views,,2020-07-01,True
152,2020,08,pagecount_all_views,,2020-08-01,True
153,2020,09,pagecount_all_views,,2020-09-01,True
154,2020,10,pagecount_all_views,,2020-10-01,True
155,2007,12,pagecount_desktop_views,2998331524.0,2007-12-01,True
156,2008,01,pagecount_desktop_views,4930902570.0,2008-01-01,True
157,2008,02,pagecount_desktop_views,4818393763.0,2008-02-01,True
158,2008,03,pagecount_desktop_views,4955405809.0,2008-03-01,True
159,2008,04,pagecount_desktop_views,5159162183.0,2008-04-01,True
160,2008,05,pagecount_desktop_views,5584691092.0,2008-05-01,True
161,2008,06,pagecount_desktop_views,5712104279.0,2008-06-01,True
162,2008,07,pagecount_desktop_views,5306302874.0,2008-07-01,True
163,2008,08,pagecount_desktop_views,5140155519.0,2008-08-01,True
164,2008,09,pagecount_desktop_views,5479533823.0,2008-09-01,True
165,2008,10,pagecount_desktop_views,5679440782.0,2008-10-01,True
166,2008,11,pagecount_desktop_views,5415832071.0,2008-11-01,True
167,2008,12,pagecount_desktop_views,5211708451.0,2008-12-01,True
168,2009,01,pagecount_desktop_views,5802681551.0,2009-01-01,True
169,2009,02,pagecount_desktop_views,5547320860.0,2009-02-01,True
170,2009,03,pagecount_desktop_views,6295159057.0,2009-03-01,True
171,2009,04,pagecount_desktop_views,5988817321.0,2009-04-01,True
172,2009,05,pagecount_desktop_views,6267516733.0,2009-05-01,True
173,2009,06,pagecount_desktop_views,5818924182.0,2009-06-01,True
174,2009,07,pagecount_desktop_views,5801646978.0,2009-07-01,True
175,2009,08,pagecount_desktop_views,5790850384.0,2009-08-01,True
176,2009,09,pagecount_desktop_views,4057515768.0,2009-09-01,True
177,2009,10,pagecount_desktop_views,6016107147.0,2009-10-01,True
178,2009,11,pagecount_desktop_views,5768486910.0,2009-11-01,True
179,2009,12,pagecount_desktop_views,5426505977.0,2009-12-01,True
180,2010,01,pagecount_desktop_views,5703465285.0,2010-01-01,True
181,2010,02,pagecount_desktop_views,5762451418.0,2010-02-01,True
182,2010,03,pagecount_desktop_views,6661347946.0,2010-03-01,True
183,2010,04,pagecount_desktop_views,6618552152.0,2010-04-01,True
184,2010,05,pagecount_desktop_views,6410578775.0,2010-05-01,True
185,2010,06,pagecount_desktop_views,4898035014.0,2010-06-01,True
186,2010,07,pagecount_desktop_views,5296177638.0,2010-07-01,True
187,2010,08,pagecount_desktop_views,7381346660.0,2010-08-01,True
188,2010,09,pagecount_desktop_views,7546488744.0,2010-09-01,True
189,2010,10,pagecount_desktop_views,10172844562.0,2010-10-01,True
190,2010,11,pagecount_desktop_views,6948678354.0,2010-11-01,True
191,2010,12,pagecount_desktop_views,7001952100.0,2010-12-01,True
192,2011,01,pagecount_desktop_views,7568511227.0,2011-01-01,True
193,2011,02,pagecount_desktop_views,6906248849.0,2011-02-01,True
194,2011,03,pagecount_desktop_views,7326545928.0,2011-03-01,True
195,2011,04,pagecount_desktop_views,6835492088.0,2011-04-01,True
196,2011,05,pagecount_desktop_views,7009799378.0,2011-05-01,True
197,2011,06,pagecount_desktop_views,6536675534.0,2011-06-01,True
198,2011,07,pagecount_desktop_views,6571730164.0,2011-07-01,True
199,2011,08,pagecount_desktop_views,6514500361.0,2011-08-01,True
200,2011,09,pagecount_desktop_views,5837738935.0,2011-09-01,True
201,2011,10,pagecount_desktop_views,6974424665.0,2011-10-01,True
202,2011,11,pagecount_desktop_views,7507641641.0,2011-11-01,True
203,2011,12,pagecount_desktop_views,6396357939.0,2011-12-01,True
204,2012,01,pagecount_desktop_views,7808477339.0,2012-01-01,True
205,2012,02,pagecount_desktop_views,7530127141.0,2012-02-01,True
206,2012,03,pagecount_desktop_views,7358543625.0,2012-03-01,True
207,2012,04,pagecount_desktop_views,7220029422.0,2012-04-01,True
208,2012,05,pagecount_desktop_views,7784479302.0,2012-05-01,True
209,2012,06,pagecount_desktop_views,7524265988.0,2012-06-01,True
210,2012,07,pagecount_desktop_views,7819376527.0,2012-07-01,True
211,2012,08,pagecount_desktop_views,7885641059.0,2012-08-01,True
212,2012,09,pagecount_desktop_views,7913689733.0,2012-09-01,True
213,2012,10,pagecount_desktop_views,8379960050.0,2012-10-01,True
214,2012,11,pagecount_desktop_views,8219987195.0,2012-11-01,True
215,2012,12,pagecount_desktop_views,8033826900.0,2012-12-01,True
216,2013,01,pagecount_desktop_views,9126210673.0,2013-01-01,True
217,2013,02,pagecount_desktop_views,8100597857.0,2013-02-01,True
218,2013,03,pagecount_desktop_views,8701419671.0,2013-03-01,True
219,2013,04,pagecount_desktop_views,8049296729.0,2013-04-01,True
220,2013,05,pagecount_desktop_views,8089099883.0,2013-05-01,True
221,2013,06,pagecount_desktop_views,7759959725.0,2013-06-01,True
222,2013,07,pagecount_desktop_views,8237301982.0,2013-07-01,True
223,2013,08,pagecount_desktop_views,9306122925.0,2013-08-01,True
224,2013,09,pagecount_desktop_views,9985326806.0,2013-09-01,True
225,2013,10,pagecount_desktop_views,10775158269.0,2013-10-01,True
226,2013,11,pagecount_desktop_views,10414877805.0,2013-11-01,True
227,2013,12,pagecount_desktop_views,7102459747.0,2013-12-01,True
228,2014,01,pagecount_desktop_views,7026531269.0,2014-01-01,True
229,2014,02,pagecount_desktop_views,6718243109.0,2014-02-01,True
230,2014,03,pagecount_desktop_views,7464128273.0,2014-03-01,True
231,2014,04,pagecount_desktop_views,7216245221.0,2014-04-01,True
232,2014,05,pagecount_desktop_views,7543277646.0,2014-05-01,True
233,2014,06,pagecount_desktop_views,6577352648.0,2014-06-01,True
234,2014,07,pagecount_desktop_views,6761059566.0,2014-07-01,True
235,2014,08,pagecount_desktop_views,6687313714.0,2014-08-01,True
236,2014,09,pagecount_desktop_views,7564600999.0,2014-09-01,True
237,2014,10,pagecount_desktop_views,6577533128.0,2014-10-01,True
238,2014,11,pagecount_desktop_views,6153537606.0,2014-11-01,True
239,2014,12,pagecount_desktop_views,5830332248.0,2014-12-01,True
240,2015,01,pagecount_desktop_views,6103767055.0,2015-01-01,True
241,2015,02,pagecount_desktop_views,5602710439.0,2015-02-01,True
242,2015,03,pagecount_desktop_views,6346602713.0,2015-03-01,True
243,2015,04,pagecount_desktop_views,6198945657.0,2015-04-01,True
244,2015,05,pagecount_desktop_views,6323801814.0,2015-05-01,True
245,2015,06,pagecount_desktop_views,5165413640.0,2015-06-01,True
246,2015,07,pagecount_desktop_views,5229226022.0,2015-07-01,True
247,2015,08,pagecount_desktop_views,5035534449.0,2015-08-01,True
248,2015,09,pagecount_desktop_views,5409631355.0,2015-09-01,True
249,2015,10,pagecount_desktop_views,5535704471.0,2015-10-01,True
250,2015,11,pagecount_desktop_views,5296956116.0,2015-11-01,True
251,2015,12,pagecount_desktop_views,5264446173.0,2015-12-01,True
252,2016,01,pagecount_desktop_views,5569632502.0,2016-01-01,True
253,2016,02,pagecount_desktop_views,5347709361.0,2016-02-01,True
254,2016,03,pagecount_desktop_views,5407676056.0,2016-03-01,True
255,2016,04,pagecount_desktop_views,5572235399.0,2016-04-01,True
256,2016,05,pagecount_desktop_views,5330532334.0,2016-05-01,True
257,2016,06,pagecount_desktop_views,4975092447.0,2016-06-01,True
258,2016,07,pagecount_desktop_views,5363966439.0,2016-07-01,True
259,2016,08,pagecount_desktop_views,,2016-08-01,True
260,2016,09,pagecount_desktop_views,,2016-09-01,True
261,2016,10,pagecount_desktop_views,,2016-10-01,True
262,2016,11,pagecount_desktop_views,,2016-11-01,True
263,2016,12,pagecount_desktop_views,,2016-12-01,True
264,2017,01,pagecount_desktop_views,,2017-01-01,True
265,2017,02,pagecount_desktop_views,,2017-02-01,True
266,2017,03,pagecount_desktop_views,,2017-03-01,True
267,2017,04,pagecount_desktop_views,,2017-04-01,True
268,2017,05,pagecount_desktop_views,,2017-05-01,True
269,2017,06,pagecount_desktop_views,,2017-06-01,True
270,2017,07,pagecount_desktop_views,,2017-07-01,True
271,2017,08,pagecount_desktop_views,,2017-08-01,True
272,2017,09,pagecount_desktop_views,,2017-09-01,True
273,2017,10,pagecount_desktop_views,,2017-10-01,True
274,2017,11,pagecount_desktop_views,,2017-11-01,True
275,2017,12,pagecount_desktop_views,,2017-12-01,True
276,2018,01,pagecount_desktop_views,,2018-01-01,True
277,2018,02,pagecount_desktop_views,,2018-02-01,True
278,2018,03,pagecount_desktop_views,,2018-03-01,True
279,2018,04,pagecount_desktop_views,,2018-04-01,True
280,2018,05,pagecount_desktop_views,,2018-05-01,True
281,2018,06,pagecount_desktop_views,,2018-06-01,True
282,2018,07,pagecount_desktop_views,,2018-07-01,True
283,2018,08,pagecount_desktop_views,,2018-08-01,True
284,2018,09,pagecount_desktop_views,,2018-09-01,True
285,2018,10,pagecount_desktop_views,,2018-10-01,True
286,2018,11,pagecount_desktop_views,,2018-11-01,True
287,2018,12,pagecount_desktop_views,,2018-12-01,True
288,2019,01,pagecount_desktop_views,,2019-01-01,True
289,2019,02,pagecount_desktop_views,,2019-02-01,True
290,2019,03,pagecount_desktop_views,,2019-03-01,True
291,2019,04,pagecount_desktop_views,,2019-04-01,True
292,2019,05,pagecount_desktop_views,,2019-05-01,True
293,2019,06,pagecount_desktop_views,,2019-06-01,True
294,2019,07,pagecount_desktop_views,,2019-07-01,True
295,2019,08,pagecount_desktop_views,,2019-08-01,True
296,2019,09,pagecount_desktop_views,,2019-09-01,True
297,2019,10,pagecount_desktop_views,,2019-10-01,True
298,2019,11,pagecount_desktop_views,,2019-11-01,True
299,2019,12,pagecount_desktop_views,,2019-12-01,True
300,2020,01,pagecount_desktop_views,,2020-01-01,True
301,2020,02,pagecount_desktop_views,,2020-02-01,True
302,2020,03,pagecount_desktop_views,,2020-03-01,True
303,2020,04,pagecount_desktop_views,,2020-04-01,True
304,2020,05,pagecount_desktop_views,,2020-05-01,True
305,2020,06,pagecount_desktop_views,,2020-06-01,True
306,2020,07,pagecount_desktop_views,,2020-07-01,True
307,2020,08,pagecount_desktop_views,,2020-08-01,True
308,2020,09,pagecount_desktop_views,,2020-09-01,True
309,2020,10,pagecount_desktop_views,,2020-10-01,True
310,2007,12,pagecount_mobile_views,,2007-12-01,True
311,2008,01,pagecount_mobile_views,,2008-01-01,True
312,2008,02,pagecount_mobile_views,,2008-02-01,True
313,2008,03,pagecount_mobile_views,,2008-03-01,True
314,2008,04,pagecount_mobile_views,,2008-04-01,True
315,2008,05,pagecount_mobile_views,,2008-05-01,True
316,2008,06,pagecount_mobile_views,,2008-06-01,True
317,2008,07,pagecount_mobile_views,,2008-07-01,True
318,2008,08,pagecount_mobile_views,,2008-08-01,True
319,2008,09,pagecount_mobile_views,,2008-09-01,True
320,2008,10,pagecount_mobile_views,,2008-10-01,True
321,2008,11,pagecount_mobile_views,,2008-11-01,True
322,2008,12,pagecount_mobile_views,,2008-12-01,True
323,2009,01,pagecount_mobile_views,,2009-01-01,True
324,2009,02,pagecount_mobile_views,,2009-02-01,True
325,2009,03,pagecount_mobile_views,,2009-03-01,True
326,2009,04,pagecount_mobile_views,,2009-04-01,True
327,2009,05,pagecount_mobile_views,,2009-05-01,True
328,2009,06,pagecount_mobile_views,,2009-06-01,True
329,2009,07,pagecount_mobile_views,,2009-07-01,True
330,2009,08,pagecount_mobile_views,,2009-08-01,True
331,2009,09,pagecount_mobile_views,,2009-09-01,True
332,2009,10,pagecount_mobile_views,,2009-10-01,True
333,2009,11,pagecount_mobile_views,,2009-11-01,True
334,2009,12,pagecount_mobile_views,,2009-12-01,True
335,2010,01,pagecount_mobile_views,,2010-01-01,True
336,2010,02,pagecount_mobile_views,,2010-02-01,True
337,2010,03,pagecount_mobile_views,,2010-03-01,True
338,2010,04,pagecount_mobile_views,,2010-04-01,True
339,2010,05,pagecount_mobile_views,,2010-05-01,True
340,2010,06,pagecount_mobile_views,,2010-06-01,True
341,2010,07,pagecount_mobile_views,,2010-07-01,True
342,2010,08,pagecount_mobile_views,,2010-08-01,True
343,2010,09,pagecount_mobile_views,,2010-09-01,True
344,2010,10,pagecount_mobile_views,,2010-10-01,True
345,2010,11,pagecount_mobile_views,,2010-11-01,True
346,2010,12,pagecount_mobile_views,,2010-12-01,True
347,2011,01,pagecount_mobile_views,,2011-01-01,True
348,2011,02,pagecount_mobile_views,,2011-02-01,True
349,2011,03,pagecount_mobile_views,,2011-03-01,True
350,2011,04,pagecount_mobile_views,,2011-04-01,True
351,2011,05,pagecount_mobile_views,,2011-05-01,True
352,2011,06,pagecount_mobile_views,,2011-06-01,True
353,2011,07,pagecount_mobile_views,,2011-07-01,True
354,2011,08,pagecount_mobile_views,,2011-08-01,True
355,2011,09,pagecount_mobile_views,,2011-09-01,True
356,2011,10,pagecount_mobile_views,,2011-10-01,True
357,2011,11,pagecount_mobile_views,,2011-11-01,True
358,2011,12,pagecount_mobile_views,,2011-12-01,True
359,2012,01,pagecount_mobile_views,,2012-01-01,True
360,2012,02,pagecount_mobile_views,,2012-02-01,True
361,2012,03,pagecount_mobile_views,,2012-03-01,True
362,2012,04,pagecount_mobile_views,,2012-04-01,True
363,2012,05,pagecount_mobile_views,,2012-05-01,True
364,2012,06,pagecount_mobile_views,,2012-06-01,True
365,2012,07,pagecount_mobile_views,,2012-07-01,True
366,2012,08,pagecount_mobile_views,,2012-08-01,True
367,2012,09,pagecount_mobile_views,,2012-09-01,True
368,2012,10,pagecount_mobile_views,,2012-10-01,True
369,2012,11,pagecount_mobile_views,,2012-11-01,True
370,2012,12,pagecount_mobile_views,,2012-12-01,True
371,2013,01,pagecount_mobile_views,,2013-01-01,True
372,2013,02,pagecount_mobile_views,,2013-02-01,True
373,2013,03,pagecount_mobile_views,,2013-03-01,True
374,2013,04,pagecount_mobile_views,,2013-04-01,True
375,2013,05,pagecount_mobile_views,,2013-05-01,True
376,2013,06,pagecount_mobile_views,,2013-06-01,True
377,2013,07,pagecount_mobile_views,,2013-07-01,True
378,2013,08,pagecount_mobile_views,,2013-08-01,True
379,2013,09,pagecount_mobile_views,,2013-09-01,True
380,2013,10,pagecount_mobile_views,,2013-10-01,True
381,2013,11,pagecount_mobile_views,,2013-11-01,True
382,2013,12,pagecount_mobile_views,,2013-12-01,True
383,2014,01,pagecount_mobile_views,,2014-01-01,True
384,2014,02,pagecount_mobile_views,,2014-02-01,True
385,2014,03,pagecount_mobile_views,,2014-03-01,True
386,2014,04,pagecount_mobile_views,,2014-04-01,True
387,2014,05,pagecount_mobile_views,,2014-05-01,True
388,2014,06,pagecount_mobile_views,,2014-06-01,True
389,2014,07,pagecount_mobile_views,,2014-07-01,True
390,2014,08,pagecount_mobile_views,,2014-08-01,True
391,2014,09,pagecount_mobile_views,,2014-09-01,True
392,2014,10,pagecount_mobile_views,3091546685.0,2014-10-01,True
393,2014,11,pagecount_mobile_views,3027489668.0,2014-11-01,True
394,2014,12,pagecount_mobile_views,3278950021.0,2014-12-01,True
395,2015,01,pagecount_mobile_views,3485302091.0,2015-01-01,True
396,2015,02,pagecount_mobile_views,3091534479.0,2015-02-01,True
397,2015,03,pagecount_mobile_views,3330832588.0,2015-03-01,True
398,2015,04,pagecount_mobile_views,3222089917.0,2015-04-01,True
399,2015,05,pagecount_mobile_views,3334069483.0,2015-05-01,True
400,2015,06,pagecount_mobile_views,3038162463.0,2015-06-01,True
401,2015,07,pagecount_mobile_views,3254472695.0,2015-07-01,True
402,2015,08,pagecount_mobile_views,3268487582.0,2015-08-01,True
403,2015,09,pagecount_mobile_views,3172429827.0,2015-09-01,True
404,2015,10,pagecount_mobile_views,3246082505.0,2015-10-01,True
405,2015,11,pagecount_mobile_views,3218234512.0,2015-11-01,True
406,2015,12,pagecount_mobile_views,3387411863.0,2015-12-01,True
407,2016,01,pagecount_mobile_views,3739628742.0,2016-01-01,True
408,2016,02,pagecount_mobile_views,3333231392.0,2016-02-01,True
409,2016,03,pagecount_mobile_views,3419853636.0,2016-03-01,True
410,2016,04,pagecount_mobile_views,3301385124.0,2016-04-01,True
411,2016,05,pagecount_mobile_views,3418435805.0,2016-05-01,True
412,2016,06,pagecount_mobile_views,3372618063.0,2016-06-01,True
413,2016,07,pagecount_mobile_views,3500661121.0,2016-07-01,True
414,2016,08,pagecount_mobile_views,,2016-08-01,True
415,2016,09,pagecount_mobile_views,,2016-09-01,True
416,2016,10,pagecount_mobile_views,,2016-10-01,True
417,2016,11,pagecount_mobile_views,,2016-11-01,True
418,2016,12,pagecount_mobile_views,,2016-12-01,True
419,2017,01,pagecount_mobile_views,,2017-01-01,True
420,2017,02,pagecount_mobile_views,,2017-02-01,True
421,2017,03,pagecount_mobile_views,,2017-03-01,True
422,2017,04,pagecount_mobile_views,,2017-04-01,True
423,2017,05,pagecount_mobile_views,,2017-05-01,True
424,2017,06,pagecount_mobile_views,,2017-06-01,True
425,2017,07,pagecount_mobile_views,,2017-07-01,True
426,2017,08,pagecount_mobile_views,,2017-08-01,True
427,2017,09,pagecount_mobile_views,,2017-09-01,True
428,2017,10,pagecount_mobile_views,,2017-10-01,True
429,2017,11,pagecount_mobile_views,,2017-11-01,True
430,2017,12,pagecount_mobile_views,,2017-12-01,True
431,2018,01,pagecount_mobile_views,,2018-01-01,True
432,2018,02,pagecount_mobile_views,,2018-02-01,True
433,2018,03,pagecount_mobile_views,,2018-03-01,True
434,2018,04,pagecount_mobile_views,,2018-04-01,True
435,2018,05,pagecount_mobile_views,,2018-05-01,True
436,2018,06,pagecount_mobile_views,,2018-06-01,True
437,2018,07,pagecount_mobile_views,,2018-07-01,True
438,2018,08,pagecount_mobile_views,,2018-08-01,True
439,2018,09,pagecount_mobile_views,,2018-09-01,True
440,2018,10,pagecount_mobile_views,,2018-10-01,True
441,2018,11,pagecount_mobile_views,,2018-11-01,True
442,2018,12,pagecount_mobile_views,,2018-12-01,True
443,2019,01,pagecount_mobile_views,,2019-01-01,True
444,2019,02,pagecount_mobile_views,,2019-02-01,True
445,2019,03,pagecount_mobile_views,,2019-03-01,True
446,2019,04,pagecount_mobile_views,,2019-04-01,True
447,2019,05,pagecount_mobile_views,,2019-05-01,True
448,2019,06,pagecount_mobile_views,,2019-06-01,True
449,2019,07,pagecount_mobile_views,,2019-07-01,True
450,2019,08,pagecount_mobile_views,,2019-08-01,True
451,2019,09,pagecount_mobile_views,,2019-09-01,True
452,2019,10,pagecount_mobile_views,,2019-10-01,True
453,2019,11,pagecount_mobile_views,,2019-11-01,True
454,2019,12,pagecount_mobile_views,,2019-12-01,True
455,2020,01,pagecount_mobile_views,,2020-01-01,True
456,2020,02,pagecount_mobile_views,,2020-02-01,True
457,2020,03,pagecount_mobile_views,,2020-03-01,True
458,2020,04,pagecount_mobile_views,,2020-04-01,True
459,2020,05,pagecount_mobile_views,,2020-05-01,True
460,2020,06,pagecount_mobile_views,,2020-06-01,True
461,2020,07,pagecount_mobile_views,,2020-07-01,True
462,2020,08,pagecount_mobile_views,,2020-08-01,True
463,2020,09,pagecount_mobile_views,,2020-09-01,True
464,2020,10,pagecount_mobile_views,,2020-10-01,True
465,2007,12,pageview_all_views,,2007-12-01,False
466,2008,01,pageview_all_views,,2008-01-01,False
467,2008,02,pageview_all_views,,2008-02-01,False
468,2008,03,pageview_all_views,,2008-03-01,False
469,2008,04,pageview_all_views,,2008-04-01,False
470,2008,05,pageview_all_views,,2008-05-01,False
471,2008,06,pageview_all_views,,2008-06-01,False
472,2008,07,pageview_all_views,,2008-07-01,False
473,2008,08,pageview_all_views,,2008-08-01,False
474,2008,09,pageview_all_views,,2008-09-01,False
475,2008,10,pageview_all_views,,2008-10-01,False
476,2008,11,pageview_all_views,,2008-11-01,False
477,2008,12,pageview_all_views,,2008-12-01,False
478,2009,01,pageview_all_views,,2009-01-01,False
479,2009,02,pageview_all_views,,2009-02-01,False
480,2009,03,pageview_all_views,,2009-03-01,False
481,2009,04,pageview_all_views,,2009-04-01,False
482,2009,05,pageview_all_views,,2009-05-01,False
483,2009,06,pageview_all_views,,2009-06-01,False
484,2009,07,pageview_all_views,,2009-07-01,False
485,2009,08,pageview_all_views,,2009-08-01,False
486,2009,09,pageview_all_views,,2009-09-01,False
487,2009,10,pageview_all_views,,2009-10-01,False
488,2009,11,pageview_all_views,,2009-11-01,False
489,2009,12,pageview_all_views,,2009-12-01,False
490,2010,01,pageview_all_views,,2010-01-01,False
491,2010,02,pageview_all_views,,2010-02-01,False
492,2010,03,pageview_all_views,,2010-03-01,False
493,2010,04,pageview_all_views,,2010-04-01,False
494,2010,05,pageview_all_views,,2010-05-01,False
495,2010,06,pageview_all_views,,2010-06-01,False
496,2010,07,pageview_all_views,,2010-07-01,False
497,2010,08,pageview_all_views,,2010-08-01,False
498,2010,09,pageview_all_views,,2010-09-01,False
499,2010,10,pageview_all_views,,2010-10-01,False
500,2010,11,pageview_all_views,,2010-11-01,False
501,2010,12,pageview_all_views,,2010-12-01,False
502,2011,01,pageview_all_views,,2011-01-01,False
503,2011,02,pageview_all_views,,2011-02-01,False
504,2011,03,pageview_all_views,,2011-03-01,False
505,2011,04,pageview_all_views,,2011-04-01,False
506,2011,05,pageview_all_views,,2011-05-01,False
507,2011,06,pageview_all_views,,2011-06-01,False
508,2011,07,pageview_all_views,,2011-07-01,False
509,2011,08,pageview_all_views,,2011-08-01,False
510,2011,09,pageview_all_views,,2011-09-01,False
511,2011,10,pageview_all_views,,2011-10-01,False
512,2011,11,pageview_all_views,,2011-11-01,False
513,2011,12,pageview_all_views,,2011-12-01,False
514,2012,01,pageview_all_views,,2012-01-01,False
515,2012,02,pageview_all_views,,2012-02-01,False
516,2012,03,pageview_all_views,,2012-03-01,False
517,2012,04,pageview_all_views,,2012-04-01,False
518,2012,05,pageview_all_views,,2012-05-01,False
519,2012,06,pageview_all_views,,2012-06-01,False
520,2012,07,pageview_all_views,,2012-07-01,False
521,2012,08,pageview_all_views,,2012-08-01,False
522,2012,09,pageview_all_views,,2012-09-01,False
523,2012,10,pageview_all_views,,2012-10-01,False
524,2012,11,pageview_all_views,,2012-11-01,False
525,2012,12,pageview_all_views,,2012-12-01,False
526,2013,01,pageview_all_views,,2013-01-01,False
527,2013,02,pageview_all_views,,2013-02-01,False
528,2013,03,pageview_all_views,,2013-03-01,False
529,2013,04,pageview_all_views,,2013-04-01,False
530,2013,05,pageview_all_views,,2013-05-01,False
531,2013,06,pageview_all_views,,2013-06-01,False
532,2013,07,pageview_all_views,,2013-07-01,False
533,2013,08,pageview_all_views,,2013-08-01,False
534,2013,09,pageview_all_views,,2013-09-01,False
535,2013,10,pageview_all_views,,2013-10-01,False
536,2013,11,pageview_all_views,,2013-11-01,False
537,2013,12,pageview_all_views,,2013-12-01,False
538,2014,01,pageview_all_views,,2014-01-01,False
539,2014,02,pageview_all_views,,2014-02-01,False
540,2014,03,pageview_all_views,,2014-03-01,False
541,2014,04,pageview_all_views,,2014-04-01,False
542,2014,05,pageview_all_views,,2014-05-01,False
543,2014,06,pageview_all_views,,2014-06-01,False
544,2014,07,pageview_all_views,,2014-07-01,False
545,2014,08,pageview_all_views,,2014-08-01,False
546,2014,09,pageview_all_views,,2014-09-01,False
547,2014,10,pageview_all_views,,2014-10-01,False
548,2014,11,pageview_all_views,,2014-11-01,False
549,2014,12,pageview_all_views,,2014-12-01,False
550,2015,01,pageview_all_views,,2015-01-01,False
551,2015,02,pageview_all_views,,2015-02-01,False
552,2015,03,pageview_all_views,,2015-03-01,False
553,2015,04,pageview_all_views,,2015-04-01,False
554,2015,05,pageview_all_views,,2015-05-01,False
555,2015,06,pageview_all_views,,2015-06-01,False
556,2015,07,pageview_all_views,7665421980.0,2015-07-01,False
557,2015,08,pageview_all_views,7634815221.0,2015-08-01,False
558,2015,09,pageview_all_views,7655695037.0,2015-09-01,False
559,2015,10,pageview_all_views,7746031887.0,2015-10-01,False
560,2015,11,pageview_all_views,7524321290.0,2015-11-01,False
561,2015,12,pageview_all_views,7476287344.0,2015-12-01,False
562,2016,01,pageview_all_views,8154016303.0,2016-01-01,False
563,2016,02,pageview_all_views,7585859457.0,2016-02-01,False
564,2016,03,pageview_all_views,7673274617.0,2016-03-01,False
565,2016,04,pageview_all_views,7408147859.0,2016-04-01,False
566,2016,05,pageview_all_views,7586811330.0,2016-05-01,False
567,2016,06,pageview_all_views,7243630656.0,2016-06-01,False
568,2016,07,pageview_all_views,7834439589.0,2016-07-01,False
569,2016,08,pageview_all_views,8210865519.0,2016-08-01,False
570,2016,09,pageview_all_views,7528292279.0,2016-09-01,False
571,2016,10,pageview_all_views,7871021581.0,2016-10-01,False
572,2016,11,pageview_all_views,7983113161.0,2016-11-01,False
573,2016,12,pageview_all_views,7986152433.0,2016-12-01,False
574,2017,01,pageview_all_views,8753941940.0,2017-01-01,False
575,2017,02,pageview_all_views,7738463562.0,2017-02-01,False
576,2017,03,pageview_all_views,8223465891.0,2017-03-01,False
577,2017,04,pageview_all_views,7591080111.0,2017-04-01,False
578,2017,05,pageview_all_views,7874558299.0,2017-05-01,False
579,2017,06,pageview_all_views,7123934190.0,2017-06-01,False
580,2017,07,pageview_all_views,7290503797.0,2017-07-01,False
581,2017,08,pageview_all_views,7196978615.0,2017-08-01,False
582,2017,09,pageview_all_views,7079052261.0,2017-09-01,False
583,2017,10,pageview_all_views,7580772181.0,2017-10-01,False
584,2017,11,pageview_all_views,7486072984.0,2017-11-01,False
585,2017,12,pageview_all_views,7470527400.0,2017-12-01,False
586,2018,01,pageview_all_views,8371116060.0,2018-01-01,False
587,2018,02,pageview_all_views,7360334422.0,2018-02-01,False
588,2018,03,pageview_all_views,8015146182.0,2018-03-01,False
589,2018,04,pageview_all_views,7690353530.0,2018-04-01,False
590,2018,05,pageview_all_views,7764840918.0,2018-05-01,False
591,2018,06,pageview_all_views,7256416175.0,2018-06-01,False
592,2018,07,pageview_all_views,7723165341.0,2018-07-01,False
593,2018,08,pageview_all_views,7586492950.0,2018-08-01,False
594,2018,09,pageview_all_views,7410952475.0,2018-09-01,False
595,2018,10,pageview_all_views,7714396331.0,2018-10-01,False
596,2018,11,pageview_all_views,7481996602.0,2018-11-01,False
597,2018,12,pageview_all_views,7668741075.0,2018-12-01,False
598,2019,01,pageview_all_views,8213615007.0,2019-01-01,False
599,2019,02,pageview_all_views,7263031930.0,2019-02-01,False
600,2019,03,pageview_all_views,7846676922.0,2019-03-01,False
601,2019,04,pageview_all_views,7591898410.0,2019-04-01,False
602,2019,05,pageview_all_views,7778725447.0,2019-05-01,False
603,2019,06,pageview_all_views,7272603509.0,2019-06-01,False
604,2019,07,pageview_all_views,7697923994.0,2019-07-01,False
605,2019,08,pageview_all_views,7511637741.0,2019-08-01,False
606,2019,09,pageview_all_views,7499320841.0,2019-09-01,False
607,2019,10,pageview_all_views,8094995348.0,2019-10-01,False
608,2019,11,pageview_all_views,7723707106.0,2019-11-01,False
609,2019,12,pageview_all_views,7651321286.0,2019-12-01,False
610,2020,01,pageview_all_views,8272629865.0,2020-01-01,False
611,2020,02,pageview_all_views,7595321571.0,2020-02-01,False
612,2020,03,pageview_all_views,8098768829.0,2020-03-01,False
613,2020,04,pageview_all_views,9304114554.0,2020-04-01,False
614,2020,05,pageview_all_views,8309793710.0,2020-05-01,False
615,2020,06,pageview_all_views,7295303813.0,2020-06-01,False
616,2020,07,pageview_all_views,7448650597.0,2020-07-01,False
617,2020,08,pageview_all_views,7416366900.0,2020-08-01,False
618,2020,09,pageview_all_views,7154034280.0,2020-09-01,False
619,2020,10,pageview_all_views,7778298858.0,2020-10-01,False
620,2007,12,pageview_desktop_views,,2007-12-01,False
621,2008,01,pageview_desktop_views,,2008-01-01,False
622,2008,02,pageview_desktop_views,,2008-02-01,False
623,2008,03,pageview_desktop_views,,2008-03-01,False
624,2008,04,pageview_desktop_views,,2008-04-01,False
625,2008,05,pageview_desktop_views,,2008-05-01,False
626,2008,06,pageview_desktop_views,,2008-06-01,False
627,2008,07,pageview_desktop_views,,2008-07-01,False
628,2008,08,pageview_desktop_views,,2008-08-01,False
629,2008,09,pageview_desktop_views,,2008-09-01,False
630,2008,10,pageview_desktop_views,,2008-10-01,False
631,2008,11,pageview_desktop_views,,2008-11-01,False
632,2008,12,pageview_desktop_views,,2008-12-01,False
633,2009,01,pageview_desktop_views,,2009-01-01,False
634,2009,02,pageview_desktop_views,,2009-02-01,False
635,2009,03,pageview_desktop_views,,2009-03-01,False
636,2009,04,pageview_desktop_views,,2009-04-01,False
637,2009,05,pageview_desktop_views,,2009-05-01,False
638,2009,06,pageview_desktop_views,,2009-06-01,False
639,2009,07,pageview_desktop_views,,2009-07-01,False
640,2009,08,pageview_desktop_views,,2009-08-01,False
641,2009,09,pageview_desktop_views,,2009-09-01,False
642,2009,10,pageview_desktop_views,,2009-10-01,False
643,2009,11,pageview_desktop_views,,2009-11-01,False
644,2009,12,pageview_desktop_views,,2009-12-01,False
645,2010,01,pageview_desktop_views,,2010-01-01,False
646,2010,02,pageview_desktop_views,,2010-02-01,False
647,2010,03,pageview_desktop_views,,2010-03-01,False
648,2010,04,pageview_desktop_views,,2010-04-01,False
649,2010,05,pageview_desktop_views,,2010-05-01,False
650,2010,06,pageview_desktop_views,,2010-06-01,False
651,2010,07,pageview_desktop_views,,2010-07-01,False
652,2010,08,pageview_desktop_views,,2010-08-01,False
653,2010,09,pageview_desktop_views,,2010-09-01,False
654,2010,10,pageview_desktop_views,,2010-10-01,False
655,2010,11,pageview_desktop_views,,2010-11-01,False
656,2010,12,pageview_desktop_views,,2010-12-01,False
657,2011,01,pageview_desktop_views,,2011-01-01,False
658,2011,02,pageview_desktop_views,,2011-02-01,False
659,2011,03,pageview_desktop_views,,2011-03-01,False
660,2011,04,pageview_desktop_views,,2011-04-01,False
661,2011,05,pageview_desktop_views,,2011-05-01,False
662,2011,06,pageview_desktop_views,,2011-06-01,False
663,2011,07,pageview_desktop_views,,2011-07-01,False
664,2011,08,pageview_desktop_views,,2011-08-01,False
665,2011,09,pageview_desktop_views,,2011-09-01,False
666,2011,10,pageview_desktop_views,,2011-10-01,False
667,2011,11,pageview_desktop_views,,2011-11-01,False
668,2011,12,pageview_desktop_views,,2011-12-01,False
669,2012,01,pageview_desktop_views,,2012-01-01,False
670,2012,02,pageview_desktop_views,,2012-02-01,False
671,2012,03,pageview_desktop_views,,2012-03-01,False
672,2012,04,pageview_desktop_views,,2012-04-01,False
673,2012,05,pageview_desktop_views,,2012-05-01,False
674,2012,06,pageview_desktop_views,,2012-06-01,False
675,2012,07,pageview_desktop_views,,2012-07-01,False
676,2012,08,pageview_desktop_views,,2012-08-01,False
677,2012,09,pageview_desktop_views,,2012-09-01,False
678,2012,10,pageview_desktop_views,,2012-10-01,False
679,2012,11,pageview_desktop_views,,2012-11-01,False
680,2012,12,pageview_desktop_views,,2012-12-01,False
681,2013,01,pageview_desktop_views,,2013-01-01,False
682,2013,02,pageview_desktop_views,,2013-02-01,False
683,2013,03,pageview_desktop_views,,2013-03-01,False
684,2013,04,pageview_desktop_views,,2013-04-01,False
685,2013,05,pageview_desktop_views,,2013-05-01,False
686,2013,06,pageview_desktop_views,,2013-06-01,False
687,2013,07,pageview_desktop_views,,2013-07-01,False
688,2013,08,pageview_desktop_views,,2013-08-01,False
689,2013,09,pageview_desktop_views,,2013-09-01,False
690,2013,10,pageview_desktop_views,,2013-10-01,False
691,2013,11,pageview_desktop_views,,2013-11-01,False
692,2013,12,pageview_desktop_views,,2013-12-01,False
693,2014,01,pageview_desktop_views,,2014-01-01,False
694,2014,02,pageview_desktop_views,,2014-02-01,False
695,2014,03,pageview_desktop_views,,2014-03-01,False
696,2014,04,pageview_desktop_views,,2014-04-01,False
697,2014,05,pageview_desktop_views,,2014-05-01,False
698,2014,06,pageview_desktop_views,,2014-06-01,False
699,2014,07,pageview_desktop_views,,2014-07-01,False
700,2014,08,pageview_desktop_views,,2014-08-01,False
701,2014,09,pageview_desktop_views,,2014-09-01,False
702,2014,10,pageview_desktop_views,,2014-10-01,False
703,2014,11,pageview_desktop_views,,2014-11-01,False
704,2014,12,pageview_desktop_views,,2014-12-01,False
705,2015,01,pageview_desktop_views,,2015-01-01,False
706,2015,02,pageview_desktop_views,,2015-02-01,False
707,2015,03,pageview_desktop_views,,2015-03-01,False
708,2015,04,pageview_desktop_views,,2015-04-01,False
709,2015,05,pageview_desktop_views,,2015-05-01,False
710,2015,06,pageview_desktop_views,,2015-06-01,False
711,2015,07,pageview_desktop_views,4376666686.0,2015-07-01,False
712,2015,08,pageview_desktop_views,4332482183.0,2015-08-01,False
713,2015,09,pageview_desktop_views,4485491704.0,2015-09-01,False
714,2015,10,pageview_desktop_views,4477532755.0,2015-10-01,False
715,2015,11,pageview_desktop_views,4287720220.0,2015-11-01,False
716,2015,12,pageview_desktop_views,4100012037.0,2015-12-01,False
717,2016,01,pageview_desktop_views,4436179457.0,2016-01-01,False
718,2016,02,pageview_desktop_views,4250997185.0,2016-02-01,False
719,2016,03,pageview_desktop_views,4286590426.0,2016-03-01,False
720,2016,04,pageview_desktop_views,4149383857.0,2016-04-01,False
721,2016,05,pageview_desktop_views,4191778094.0,2016-05-01,False
722,2016,06,pageview_desktop_views,3888839711.0,2016-06-01,False
723,2016,07,pageview_desktop_views,4337865827.0,2016-07-01,False
724,2016,08,pageview_desktop_views,4695046216.0,2016-08-01,False
725,2016,09,pageview_desktop_views,4135006498.0,2016-09-01,False
726,2016,10,pageview_desktop_views,4361737690.0,2016-10-01,False
727,2016,11,pageview_desktop_views,4392068236.0,2016-11-01,False
728,2016,12,pageview_desktop_views,4209608578.0,2016-12-01,False
729,2017,01,pageview_desktop_views,4521980398.0,2017-01-01,False
730,2017,02,pageview_desktop_views,4026702163.0,2017-02-01,False
731,2017,03,pageview_desktop_views,4319971902.0,2017-03-01,False
732,2017,04,pageview_desktop_views,3951456992.0,2017-04-01,False
733,2017,05,pageview_desktop_views,4187870579.0,2017-05-01,False
734,2017,06,pageview_desktop_views,3604550997.0,2017-06-01,False
735,2017,07,pageview_desktop_views,3565444544.0,2017-07-01,False
736,2017,08,pageview_desktop_views,3575572313.0,2017-08-01,False
737,2017,09,pageview_desktop_views,3547447892.0,2017-09-01,False
738,2017,10,pageview_desktop_views,3907651639.0,2017-10-01,False
739,2017,11,pageview_desktop_views,3816060923.0,2017-11-01,False
740,2017,12,pageview_desktop_views,3640391096.0,2017-12-01,False
741,2018,01,pageview_desktop_views,4111833689.0,2018-01-01,False
742,2018,02,pageview_desktop_views,3634653694.0,2018-02-01,False
743,2018,03,pageview_desktop_views,3965271925.0,2018-03-01,False
744,2018,04,pageview_desktop_views,3762955419.0,2018-04-01,False
745,2018,05,pageview_desktop_views,3675652396.0,2018-05-01,False
746,2018,06,pageview_desktop_views,3278649434.0,2018-06-01,False
747,2018,07,pageview_desktop_views,3457051589.0,2018-07-01,False
748,2018,08,pageview_desktop_views,3399130789.0,2018-08-01,False
749,2018,09,pageview_desktop_views,3433832231.0,2018-09-01,False
750,2018,10,pageview_desktop_views,3640606578.0,2018-10-01,False
751,2018,11,pageview_desktop_views,3448616562.0,2018-11-01,False
752,2018,12,pageview_desktop_views,3379686909.0,2018-12-01,False
753,2019,01,pageview_desktop_views,3616017826.0,2019-01-01,False
754,2019,02,pageview_desktop_views,3244921935.0,2019-02-01,False
755,2019,03,pageview_desktop_views,3439386600.0,2019-03-01,False
756,2019,04,pageview_desktop_views,3330234244.0,2019-04-01,False
757,2019,05,pageview_desktop_views,3364959217.0,2019-05-01,False
758,2019,06,pageview_desktop_views,2986618238.0,2019-06-01,False
759,2019,07,pageview_desktop_views,3140657554.0,2019-07-01,False
760,2019,08,pageview_desktop_views,2979881198.0,2019-08-01,False
761,2019,09,pageview_desktop_views,3061362632.0,2019-09-01,False
762,2019,10,pageview_desktop_views,3588403486.0,2019-10-01,False
763,2019,11,pageview_desktop_views,3252465442.0,2019-11-01,False
764,2019,12,pageview_desktop_views,3097051994.0,2019-12-01,False
765,2020,01,pageview_desktop_views,3440480235.0,2020-01-01,False
766,2020,02,pageview_desktop_views,3176520359.0,2020-02-01,False
767,2020,03,pageview_desktop_views,3412498274.0,2020-03-01,False
768,2020,04,pageview_desktop_views,3798372613.0,2020-04-01,False
769,2020,05,pageview_desktop_views,3078093615.0,2020-05-01,False
770,2020,06,pageview_desktop_views,2721328557.0,2020-06-01,False
771,2020,07,pageview_desktop_views,2638936132.0,2020-07-01,False
772,2020,08,pageview_desktop_views,2613058239.0,2020-08-01,False
773,2020,09,pageview_desktop_views,2661783500.0,2020-09-01,False
774,2020,10,pageview_desktop_views,3041724497.0,2020-10-01,False
775,2007,12,pageview_mobile_views,,2007-12-01,False
776,2008,01,pageview_mobile_views,,2008-01-01,False
777,2008,02,pageview_mobile_views,,2008-02-01,False
778,2008,03,pageview_mobile_views,,2008-03-01,False
779,2008,04,pageview_mobile_views,,2008-04-01,False
780,2008,05,pageview_mobile_views,,2008-05-01,False
781,2008,06,pageview_mobile_views,,2008-06-01,False
782,2008,07,pageview_mobile_views,,2008-07-01,False
783,2008,08,pageview_mobile_views,,2008-08-01,False
784,2008,09,pageview_mobile_views,,2008-09-01,False
785,2008,10,pageview_mobile_views,,2008-10-01,False
786,2008,11,pageview_mobile_views,,2008-11-01,False
787,2008,12,pageview_mobile_views,,2008-12-01,False
788,2009,01,pageview_mobile_views,,2009-01-01,False
789,2009,02,pageview_mobile_views,,2009-02-01,False
790,2009,03,pageview_mobile_views,,2009-03-01,False
791,2009,04,pageview_mobile_views,,2009-04-01,False
792,2009,05,pageview_mobile_views,,2009-05-01,False
793,2009,06,pageview_mobile_views,,2009-06-01,False
794,2009,07,pageview_mobile_views,,2009-07-01,False
795,2009,08,pageview_mobile_views,,2009-08-01,False
796,2009,09,pageview_mobile_views,,2009-09-01,False
797,2009,10,pageview_mobile_views,,2009-10-01,False
798,2009,11,pageview_mobile_views,,2009-11-01,False
799,2009,12,pageview_mobile_views,,2009-12-01,False
800,2010,01,pageview_mobile_views,,2010-01-01,False
801,2010,02,pageview_mobile_views,,2010-02-01,False
802,2010,03,pageview_mobile_views,,2010-03-01,False
803,2010,04,pageview_mobile_views,,2010-04-01,False
804,2010,05,pageview_mobile_views,,2010-05-01,False
805,2010,06,pageview_mobile_views,,2010-06-01,False
806,2010,07,pageview_mobile_views,,2010-07-01,False
807,2010,08,pageview_mobile_views,,2010-08-01,False
808,2010,09,pageview_mobile_views,,2010-09-01,False
809,2010,10,pageview_mobile_views,,2010-10-01,False
810,2010,11,pageview_mobile_views,,2010-11-01,False
811,2010,12,pageview_mobile_views,,2010-12-01,False
812,2011,01,pageview_mobile_views,,2011-01-01,False
813,2011,02,pageview_mobile_views,,2011-02-01,False
814,2011,03,pageview_mobile_views,,2011-03-01,False
815,2011,04,pageview_mobile_views,,2011-04-01,False
816,2011,05,pageview_mobile_views,,2011-05-01,False
817,2011,06,pageview_mobile_views,,2011-06-01,False
818,2011,07,pageview_mobile_views,,2011-07-01,False
819,2011,08,pageview_mobile_views,,2011-08-01,False
820,2011,09,pageview_mobile_views,,2011-09-01,False
821,2011,10,pageview_mobile_views,,2011-10-01,False
822,2011,11,pageview_mobile_views,,2011-11-01,False
823,2011,12,pageview_mobile_views,,2011-12-01,False
824,2012,01,pageview_mobile_views,,2012-01-01,False
825,2012,02,pageview_mobile_views,,2012-02-01,False
826,2012,03,pageview_mobile_views,,2012-03-01,False
827,2012,04,pageview_mobile_views,,2012-04-01,False
828,2012,05,pageview_mobile_views,,2012-05-01,False
829,2012,06,pageview_mobile_views,,2012-06-01,False
830,2012,07,pageview_mobile_views,,2012-07-01,False
831,2012,08,pageview_mobile_views,,2012-08-01,False
832,2012,09,pageview_mobile_views,,2012-09-01,False
833,2012,10,pageview_mobile_views,,2012-10-01,False
834,2012,11,pageview_mobile_views,,2012-11-01,False
835,2012,12,pageview_mobile_views,,2012-12-01,False
836,2013,01,pageview_mobile_views,,2013-01-01,False
837,2013,02,pageview_mobile_views,,2013-02-01,False
838,2013,03,pageview_mobile_views,,2013-03-01,False
839,2013,04,pageview_mobile_views,,2013-04-01,False
840,2013,05,pageview_mobile_views,,2013-05-01,False
841,2013,06,pageview_mobile_views,,2013-06-01,False
842,2013,07,pageview_mobile_views,,2013-07-01,False
843,2013,08,pageview_mobile_views,,2013-08-01,False
844,2013,09,pageview_mobile_views,,2013-09-01,False
845,2013,10,pageview_mobile_views,,2013-10-01,False
846,2013,11,pageview_mobile_views,,2013-11-01,False
847,2013,12,pageview_mobile_views,,2013-12-01,False
848,2014,01,pageview_mobile_views,,2014-01-01,False
849,2014,02,pageview_mobile_views,,2014-02-01,False
850,2014,03,pageview_mobile_views,,2014-03-01,False
851,2014,04,pageview_mobile_views,,2014-04-01,False
852,2014,05,pageview_mobile_views,,2014-05-01,False
853,2014,06,pageview_mobile_views,,2014-06-01,False
854,2014,07,pageview_mobile_views,,2014-07-01,False
855,2014,08,pageview_mobile_views,,2014-08-01,False
856,2014,09,pageview_mobile_views,,2014-09-01,False
857,2014,10,pageview_mobile_views,,2014-10-01,False
858,2014,11,pageview_mobile_views,,2014-11-01,False
859,2014,12,pageview_mobile_views,,2014-12-01,False
860,2015,01,pageview_mobile_views,,2015-01-01,False
861,2015,02,pageview_mobile_views,,2015-02-01,False
862,2015,03,pageview_mobile_views,,2015-03-01,False
863,2015,04,pageview_mobile_views,,2015-04-01,False
864,2015,05,pageview_mobile_views,,2015-05-01,False
865,2015,06,pageview_mobile_views,,2015-06-01,False
866,2015,07,pageview_mobile_views,3288755294.0,2015-07-01,False
867,2015,08,pageview_mobile_views,3302333038.0,2015-08-01,False
868,2015,09,pageview_mobile_views,3170203333.0,2015-09-01,False
869,2015,10,pageview_mobile_views,3268499132.0,2015-10-01,False
870,2015,11,pageview_mobile_views,3236601070.0,2015-11-01,False
871,2015,12,pageview_mobile_views,3376275307.0,2015-12-01,False
872,2016,01,pageview_mobile_views,3717836846.0,2016-01-01,False
873,2016,02,pageview_mobile_views,3334862272.0,2016-02-01,False
874,2016,03,pageview_mobile_views,3386684191.0,2016-03-01,False
875,2016,04,pageview_mobile_views,3258764002.0,2016-04-01,False
876,2016,05,pageview_mobile_views,3395033236.0,2016-05-01,False
877,2016,06,pageview_mobile_views,3354790945.0,2016-06-01,False
878,2016,07,pageview_mobile_views,3496573762.0,2016-07-01,False
879,2016,08,pageview_mobile_views,3515819303.0,2016-08-01,False
880,2016,09,pageview_mobile_views,3393285781.0,2016-09-01,False
881,2016,10,pageview_mobile_views,3509283891.0,2016-10-01,False
882,2016,11,pageview_mobile_views,3591044925.0,2016-11-01,False
883,2016,12,pageview_mobile_views,3776543855.0,2016-12-01,False
884,2017,01,pageview_mobile_views,4231961542.0,2017-01-01,False
885,2017,02,pageview_mobile_views,3711761399.0,2017-02-01,False
886,2017,03,pageview_mobile_views,3903493989.0,2017-03-01,False
887,2017,04,pageview_mobile_views,3639623119.0,2017-04-01,False
888,2017,05,pageview_mobile_views,3686687720.0,2017-05-01,False
889,2017,06,pageview_mobile_views,3519383193.0,2017-06-01,False
890,2017,07,pageview_mobile_views,3725059253.0,2017-07-01,False
891,2017,08,pageview_mobile_views,3621406302.0,2017-08-01,False
892,2017,09,pageview_mobile_views,3531604369.0,2017-09-01,False
893,2017,10,pageview_mobile_views,3673120542.0,2017-10-01,False
894,2017,11,pageview_mobile_views,3670012061.0,2017-11-01,False
895,2017,12,pageview_mobile_views,3830136304.0,2017-12-01,False
896,2018,01,pageview_mobile_views,4259282371.0,2018-01-01,False
897,2018,02,pageview_mobile_views,3725680728.0,2018-02-01,False
898,2018,03,pageview_mobile_views,4049874257.0,2018-03-01,False
899,2018,04,pageview_mobile_views,3927398111.0,2018-04-01,False
900,2018,05,pageview_mobile_views,4089188522.0,2018-05-01,False
901,2018,06,pageview_mobile_views,3977766741.0,2018-06-01,False
902,2018,07,pageview_mobile_views,4266113752.0,2018-07-01,False
903,2018,08,pageview_mobile_views,4187362161.0,2018-08-01,False
904,2018,09,pageview_mobile_views,3977120244.0,2018-09-01,False
905,2018,10,pageview_mobile_views,4073789753.0,2018-10-01,False
906,2018,11,pageview_mobile_views,4033380040.0,2018-11-01,False
907,2018,12,pageview_mobile_views,4289054166.0,2018-12-01,False
908,2019,01,pageview_mobile_views,4597597181.0,2019-01-01,False
909,2019,02,pageview_mobile_views,4018109995.0,2019-02-01,False
910,2019,03,pageview_mobile_views,4407290322.0,2019-03-01,False
911,2019,04,pageview_mobile_views,4261664166.0,2019-04-01,False
912,2019,05,pageview_mobile_views,4413766230.0,2019-05-01,False
913,2019,06,pageview_mobile_views,4285985271.0,2019-06-01,False
914,2019,07,pageview_mobile_views,4557266440.0,2019-07-01,False
915,2019,08,pageview_mobile_views,4531756543.0,2019-08-01,False
916,2019,09,pageview_mobile_views,4437958209.0,2019-09-01,False
917,2019,10,pageview_mobile_views,4506591862.0,2019-10-01,False
918,2019,11,pageview_mobile_views,4471241664.0,2019-11-01,False
919,2019,12,pageview_mobile_views,4554269292.0,2019-12-01,False
920,2020,01,pageview_mobile_views,4832149630.0,2020-01-01,False
921,2020,02,pageview_mobile_views,4418801212.0,2020-02-01,False
922,2020,03,pageview_mobile_views,4686270555.0,2020-03-01,False
923,2020,04,pageview_mobile_views,5505741941.0,2020-04-01,False
924,2020,05,pageview_mobile_views,5231700095.0,2020-05-01,False
925,2020,06,pageview_mobile_views,4573975256.0,2020-06-01,False
926,2020,07,pageview_mobile_views,4809714465.0,2020-07-01,False
927,2020,08,pageview_mobile_views,4803308661.0,2020-08-01,False
928,2020,09,pageview_mobile_views,4492250780.0,2020-09-01,False
929,2020,10,pageview_mobile_views,4736574361.0,2020-10-01,False
